{"subject_id": 10037, "gender": "female", "stature": 1560.0, "raw_points": [[0, 40], [55.0, 31.2], [188.0, 54.60000000000001], [435.0, 46.8], [639.5, 78.0], [844.0, 172.5], [916.0, 189.75000000000003], [1016.0, 104.06284740623926], [1116.0, 107.23370358014701], [1180.0, 112.87758271594423], [1282.0, 195.0], [1336.0, 54.60000000000001], [1440.0, 62.4], [1480.0, 70.2], [1560.0, 20]], "canvas": {"left": [[185.64102564102564, 580.0], [188.8, 560.2564102564103], [180.4, 512.5128205128206], [183.2, 423.8461538461538], [172.0, 350.43589743589746], [138.0769230769231, 277.02564102564105], [131.88461538461536, 251.17948717948718], [162.64410605929874, 215.28205128205127], [161.5058499968703, 179.38461538461536], [159.47984210196873, 156.4102564102564], [130.0, 119.79487179487177], [180.4, 100.41025641025641], [177.6, 63.076923076923094], [174.8, 48.71794871794873], [192.82051282051282, 20.0]], "right": [[214.35897435897436, 580.0], [211.2, 560.2564102564103], [219.6, 512.5128205128206], [216.8, 423.8461538461538], [228.0, 350.43589743589746], [261.9230769230769, 277.02564102564105], [268.11538461538464, 251.17948717948718], [237.35589394070126, 215.28205128205127], [238.4941500031297, 179.38461538461536], [240.52015789803127, 156.4102564102564], [270.0, 119.79487179487177], [219.6, 100.41025641025641], [222.4, 63.076923076923094], [225.2, 48.71794871794873], [207.17948717948718, 20.0]], "scale": 0.358974358974359, "center_x": 200.0}}