{"subject_id": 10038, "gender": "female", "stature": 1665.0, "raw_points": [[0, 40], [69.0, 33.3], [213.89999999999998, 58.275000000000006], [483.0, 49.949999999999996], [692.0, 83.25], [901.0, 157.5], [998.0, 173.25], [1098.0, 86.67823054543223], [1198.0, 97.58034414722707], [1272.0, 102.71615173392323], [1379.0, 208.125], [1440.0, 58.275000000000006], [1545.0, 66.6], [1585.0, 74.925], [1665.0, 20]], "canvas": {"left": [[186.54654654654655, 580.0], [188.8, 556.7927927927927], [180.4, 508.05765765765767], [183.2, 417.5495495495495], [172.0, 347.25525525525524], [147.02702702702703, 276.96096096096096], [141.72972972972974, 244.33633633633633], [170.84696149823301, 210.70270270270265], [167.1801845510828, 177.06906906906903], [165.45282584324502, 152.18018018018017], [130.0, 116.19219219219218], [180.4, 95.67567567567562], [177.6, 60.360360360360346], [174.8, 46.9069069069069], [193.27327327327328, 20.0]], "right": [[213.45345345345345, 580.0], [211.2, 556.7927927927927], [219.6, 508.05765765765767], [216.8, 417.5495495495495], [228.0, 347.25525525525524], [252.97297297297297, 276.96096096096096], [258.27027027027026, 244.33633633633633], [229.15303850176699, 210.70270270270265], [232.8198154489172, 177.06906906906903], [234.54717415675498, 152.18018018018017], [270.0, 116.19219219219218], [219.6, 95.67567567567562], [222.4, 60.360360360360346], [225.2, 46.9069069069069], [206.72672672672672, 20.0]], "scale": 0.33633633633633636, "center_x": 200.0}}