{"subject_id": 10042, "gender": "female", "stature": 1711.0, "raw_points": [[0, 40], [64.0, 34.22], [206.1, 59.885000000000005], [470.0, 51.33], [676.0, 85.55000000000001], [882.0, 178.0], [993.0, 195.8], [1093.0, 89.00434125215993], [1193.0, 101.65103788400053], [1283.0, 107.00109250947425], [1369.0, 213.875], [1451.0, 59.885000000000005], [1591.0, 68.44], [1631.0, 76.99499999999999], [1711.0, 20]], "canvas": {"left": [[186.9082407948568, 580.0], [188.8, 559.0531852717709], [180.4, 512.5447106954997], [183.2, 426.17182933956747], [172.0, 358.74926943308003], [141.74167153711278, 291.3267095265926], [135.91583869082407, 254.99707773232024], [170.86941490285824, 222.2676797194623], [166.73022722674443, 189.53828170660432], [164.97918655446782, 160.0818234950321], [130.0, 131.93454120397428], [180.4, 105.09643483343069], [177.6, 59.27527761542956], [174.8, 46.1835184102863], [193.4541203974284, 20.0]], "right": [[213.0917592051432, 580.0], [211.2, 559.0531852717709], [219.6, 512.5447106954997], [216.8, 426.17182933956747], [228.0, 358.74926943308003], [258.2583284628872, 291.3267095265926], [264.0841613091759, 254.99707773232024], [229.13058509714176, 222.2676797194623], [233.26977277325557, 189.53828170660432], [235.02081344553218, 160.0818234950321], [270.0, 131.93454120397428], [219.6, 105.09643483343069], [222.4, 59.27527761542956], [225.2, 46.1835184102863], [206.5458796025716, 20.0]], "scale": 0.3272939801285798, "center_x": 200.0}}