{"subject_id": 10043, "gender": "female", "stature": 1660.0, "raw_points": [[0, 40], [67.0, 33.2], [207.7, 58.10000000000001], [469.0, 49.8], [667.5, 83.0], [866.0, 168.5], [979.0, 185.35000000000002], [1079.0, 113.00000959524569], [1179.0, 117.23597961907613], [1258.0, 123.40629433586962], [1356.0, 207.5], [1430.0, 58.10000000000001], [1540.0, 66.4], [1580.0, 74.7], [1660.0, 20]], "canvas": {"left": [[186.50602409638554, 580.0], [188.8, 557.3975903614457], [180.4, 509.93253012048194], [183.2, 421.7831325301205], [172.0, 354.81927710843377], [143.1566265060241, 287.85542168674704], [137.47228915662652, 249.7349397590362], [161.8795148353388, 216.0], [160.45051289958877, 182.26506024096386], [158.36896094693554, 155.61445783132535], [130.0, 122.5542168674699], [180.4, 97.59036144578317], [177.6, 60.481927710843365], [174.8, 46.98795180722891], [193.25301204819277, 20.0]], "right": [[213.49397590361446, 580.0], [211.2, 557.3975903614457], [219.6, 509.93253012048194], [216.8, 421.7831325301205], [228.0, 354.81927710843377], [256.8433734939759, 287.85542168674704], [262.5277108433735, 249.7349397590362], [238.1204851646612, 216.0], [239.54948710041123, 182.26506024096386], [241.63103905306446, 155.61445783132535], [270.0, 122.5542168674699], [219.6, 97.59036144578317], [222.4, 60.481927710843365], [225.2, 46.98795180722891], [206.74698795180723, 20.0]], "scale": 0.3373493975903614, "center_x": 200.0}}