{"subject_id": 10051, "gender": "female", "stature": 1572.0, "raw_points": [[0, 40], [63.0, 31.44], [194.95, 55.02], [440.0, 47.16], [620.0, 78.60000000000001], [800.0, 224.0], [914.0, 246.40000000000003], [1014.0, 142.3824606275956], [1114.0, 126.65672798132331], [1192.0, 133.3228715592877], [1303.0, 196.5], [1362.0, 55.02], [1452.0, 62.88], [1492.0, 70.74], [1572.0, 20]], "canvas": {"left": [[185.75063613231552, 580.0], [188.8, 557.5572519083969], [180.4, 510.5521628498728], [183.2, 423.2569974554707], [172.0, 359.13486005089055], [120.20356234096691, 295.0127226463104], [112.22391857506359, 254.40203562340963], [149.27851275352828, 218.77862595419845], [154.88055491759474, 183.15521628498726], [152.50584728167868, 155.3689567430025], [130.0, 115.82697201017811], [180.4, 94.80916030534348], [177.6, 62.74809160305335], [174.8, 48.4987277353689], [192.87531806615777, 20.0]], "right": [[214.24936386768448, 580.0], [211.2, 557.5572519083969], [219.6, 510.5521628498728], [216.8, 423.2569974554707], [228.0, 359.13486005089055], [279.7964376590331, 295.0127226463104], [287.7760814249364, 254.40203562340963], [250.72148724647172, 218.77862595419845], [245.11944508240526, 183.15521628498726], [247.49415271832132, 155.3689567430025], [270.0, 115.82697201017811], [219.6, 94.80916030534348], [222.4, 62.74809160305335], [225.2, 48.4987277353689], [207.12468193384223, 20.0]], "scale": 0.356234096692112, "center_x": 200.0}}