{"subject_id": 10053, "gender": "female", "stature": 1707.0, "raw_points": [[0, 40], [63.0, 34.14], [208.25, 59.745000000000005], [478.0, 51.21], [700.0, 85.35000000000001], [922.0, 179.0], [1030.0, 196.9], [1130.0, 118.5092191638113], [1230.0, 119.91100693181299], [1314.0, 126.22211255980315], [1428.0, 213.375], [1485.0, 59.745000000000005], [1587.0, 68.28], [1627.0, 76.815], [1707.0, 20]], "canvas": {"left": [[186.87756297598125, 580.0], [188.8, 559.3321616871705], [180.4, 511.6813122437024], [183.2, 423.18687756297595], [172.0, 350.35735207967195], [141.27709431751612, 277.5278265963679], [135.40480374926773, 242.09724663151724], [161.12175586893127, 209.29115407147037], [160.6618840762652, 176.4850615114235], [158.59145692238445, 148.92794376098414], [130.0, 111.52899824253075], [180.4, 92.829525483304], [177.6, 59.36731107205617], [174.8, 46.244874048037445], [193.43878148799064, 20.0]], "right": [[213.12243702401875, 580.0], [211.2, 559.3321616871705], [219.6, 511.6813122437024], [216.8, 423.18687756297595], [228.0, 350.35735207967195], [258.7229056824839, 277.5278265963679], [264.5951962507323, 242.09724663151724], [238.87824413106873, 209.29115407147037], [239.3381159237348, 176.4850615114235], [241.40854307761555, 148.92794376098414], [270.0, 111.52899824253075], [219.6, 92.829525483304], [222.4, 59.36731107205617], [225.2, 46.244874048037445], [206.56121851200936, 20.0]], "scale": 0.3280609256004687, "center_x": 200.0}}