{"subject_id": 10061, "gender": "female", "stature": 1644.0, "raw_points": [[0, 40], [62.0, 32.88], [196.04999999999998, 57.540000000000006], [445.0, 49.32], [655.5, 82.2], [866.0, 182.5], [959.0, 200.75000000000003], [1059.0, 118.01951164660547], [1159.0, 114.90986891234843], [1260.0, 120.95775674984046], [1352.0, 205.5], [1405.0, 57.540000000000006], [1524.0, 65.76], [1564.0, 73.98], [1644.0, 20]], "canvas": {"left": [[186.37469586374695, 580.0], [188.8, 558.8807785888077], [180.4, 513.2189781021898], [183.2, 428.4184914841849], [172.0, 356.7153284671533], [137.8345498783455, 285.0121654501217], [131.61800486618006, 253.33333333333337], [159.79870649507356, 219.27007299270076], [160.85795219530712, 185.20681265206815], [158.79784441611275, 150.8029197080292], [130.0, 119.46472019464721], [180.4, 101.41119221411196], [177.6, 60.87591240875918], [174.8, 47.250608272506156], [193.1873479318735, 20.0]], "right": [[213.62530413625305, 580.0], [211.2, 558.8807785888077], [219.6, 513.2189781021898], [216.8, 428.4184914841849], [228.0, 356.7153284671533], [262.1654501216545, 285.0121654501217], [268.38199513381994, 253.33333333333337], [240.20129350492644, 219.27007299270076], [239.14204780469288, 185.20681265206815], [241.20215558388725, 150.8029197080292], [270.0, 119.46472019464721], [219.6, 101.41119221411196], [222.4, 60.87591240875918], [225.2, 47.250608272506156], [206.8126520681265, 20.0]], "scale": 0.340632603406326, "center_x": 200.0}}