{"subject_id": 10077, "gender": "female", "stature": 1521.0, "raw_points": [[0, 40], [63.0, 30.42], [189.7, 53.23500000000001], [425.0, 45.629999999999995], [611.5, 76.05], [798.0, 166.0], [898.0, 182.60000000000002], [998.0, 92.43229387260075], [1098.0, 96.64989986453598], [1132.0, 101.73673669951157], [1237.0, 190.125], [1293.0, 53.23500000000001], [1401.0, 60.84], [1441.0, 68.445], [1521.0, 20]], "canvas": {"left": [[185.27284681130834, 580.0], [188.8, 556.8047337278107], [180.4, 510.15647600262986], [183.2, 423.5239973701512], [172.0, 354.8586456278764], [138.88231426692965, 286.1932938856016], [132.7705456936226, 249.37541091387243], [165.9683862139011, 212.55752794214334], [164.41555297558176, 175.7396449704142], [162.54268734271764, 163.2215647600263], [130.0, 124.56278763971068], [180.4, 103.94477317554237], [177.6, 64.18145956607498], [174.8, 49.45430637738332], [192.63642340565417, 20.0]], "right": [[214.72715318869166, 580.0], [211.2, 556.8047337278107], [219.6, 510.15647600262986], [216.8, 423.5239973701512], [228.0, 354.8586456278764], [261.11768573307035, 286.1932938856016], [267.2294543063774, 249.37541091387243], [234.0316137860989, 212.55752794214334], [235.58444702441824, 175.7396449704142], [237.45731265728236, 163.2215647600263], [270.0, 124.56278763971068], [219.6, 103.94477317554237], [222.4, 64.18145956607498], [225.2, 49.45430637738332], [207.36357659434583, 20.0]], "scale": 0.36817882971729127, "center_x": 200.0}}