{"subject_id": 10070, "gender": "female", "stature": 1671.0, "raw_points": [[0, 40], [57.0, 33.42], [201.54999999999998, 58.48500000000001], [470.0, 50.129999999999995], [672.5, 83.55000000000001], [875.0, 191.0], [977.0, 210.10000000000002], [1077.0, 111.89816768153257], [1177.0, 112.58375820562073], [1268.0, 118.5092191638113], [1383.0, 208.875], [1428.0, 58.48500000000001], [1551.0, 66.84], [1591.0, 75.195], [1671.0, 20]], "canvas": {"left": [[186.59485338120885, 580.0], [188.8, 560.8976660682226], [180.4, 512.4548174745661], [183.2, 422.4895272292041], [172.0, 354.6259724715739], [135.99042489527227, 286.7624177139437], [129.5894673847995, 252.5792938360263], [162.49971639637448, 219.06642728904848], [162.26995535897808, 185.5535607420706], [160.28416353576642, 155.05685218432075], [130.0, 116.51705565529619], [180.4, 101.43626570915615], [177.6, 60.21543985637345], [174.8, 46.8102932375823], [193.29742669060442, 20.0]], "right": [[213.40514661879115, 580.0], [211.2, 560.8976660682226], [219.6, 512.4548174745661], [216.8, 422.4895272292041], [228.0, 354.6259724715739], [264.00957510472773, 286.7624177139437], [270.4105326152005, 252.5792938360263], [237.50028360362552, 219.06642728904848], [237.73004464102192, 185.5535607420706], [239.71583646423358, 155.05685218432075], [270.0, 116.51705565529619], [219.6, 101.43626570915615], [222.4, 60.21543985637345], [225.2, 46.8102932375823], [206.70257330939558, 20.0]], "scale": 0.3351286654697786, "center_x": 200.0}}