{"subject_id": 10080, "gender": "female", "stature": 1590.0, "raw_points": [[0, 40], [67.0, 31.8], [193.7, 55.650000000000006], [429.0, 47.699999999999996], [626.5, 79.5], [824.0, 177.0], [908.0, 194.70000000000002], [1008.0, 115.5709740605763], [1108.0, 117.4685906897489], [1193.0, 123.65114809447253], [1301.0, 198.75], [1360.0, 55.650000000000006], [1470.0, 63.6], [1510.0, 71.55], [1590.0, 20]], "canvas": {"left": [[185.91194968553458, 580.0], [188.8, 556.4025157232704], [180.4, 511.77861635220125], [183.2, 428.90566037735846], [172.0, 359.34591194968556], [137.66037735849056, 289.7861635220126], [131.42641509433963, 260.2012578616352], [159.29575756357062, 224.98113207547175], [158.62741459983687, 189.76100628930823], [156.44991010509145, 159.82389937106922], [130.0, 121.7861635220126], [180.4, 101.00628930817612], [177.6, 62.26415094339632], [174.8, 48.17610062893084], [192.9559748427673, 20.0]], "right": [[214.08805031446542, 580.0], [211.2, 556.4025157232704], [219.6, 511.77861635220125], [216.8, 428.90566037735846], [228.0, 359.34591194968556], [262.33962264150944, 289.7861635220126], [268.57358490566037, 260.2012578616352], [240.70424243642938, 224.98113207547175], [241.37258540016313, 189.76100628930823], [243.55008989490855, 159.82389937106922], [270.0, 121.7861635220126], [219.6, 101.00628930817612], [222.4, 62.26415094339632], [225.2, 48.17610062893084], [207.0440251572327, 20.0]], "scale": 0.3522012578616352, "center_x": 200.0}}