{"subject_id": 10095, "gender": "female", "stature": 1707.0, "raw_points": [[0, 40], [60.0, 34.14], [204.2, 59.745000000000005], [472.0, 51.21], [682.0, 85.35000000000001], [892.0, 213.5], [991.0, 234.85000000000002], [1091.0, 114.46913214686319], [1191.0, 123.86539513325009], [1308.0, 130.38462645605273], [1395.0, 213.375], [1462.0, 59.745000000000005], [1587.0, 68.28], [1627.0, 76.815], [1707.0, 20]], "canvas": {"left": [[186.87756297598125, 580.0], [188.8, 560.3163444639719], [180.4, 513.0099589923843], [183.2, 425.1552431165788], [172.0, 356.26244874048035], [129.95899238429993, 287.3696543643819], [122.95489162272992, 254.89162272993553], [162.4471505552177, 222.08553016988867], [159.36460382271818, 189.2794376098418], [157.225898760756, 150.89630931458697], [130.0, 122.35500878734621], [180.4, 100.3749267721148], [177.6, 59.36731107205617], [174.8, 46.244874048037445], [193.43878148799064, 20.0]], "right": [[213.12243702401875, 580.0], [211.2, 560.3163444639719], [219.6, 513.0099589923843], [216.8, 425.1552431165788], [228.0, 356.26244874048035], [270.0410076157001, 287.3696543643819], [277.0451083772701, 254.89162272993553], [237.5528494447823, 222.08553016988867], [240.63539617728182, 189.2794376098418], [242.774101239244, 150.89630931458697], [270.0, 122.35500878734621], [219.6, 100.3749267721148], [222.4, 59.36731107205617], [225.2, 46.244874048037445], [206.56121851200936, 20.0]], "scale": 0.3280609256004687, "center_x": 200.0}}