{"subject_id": 10105, "gender": "female", "stature": 1654.0, "raw_points": [[0, 40], [63.0, 33.08], [203.35, 57.89000000000001], [464.0, 49.62], [669.0, 82.7], [874.0, 183.5], [964.0, 201.85000000000002], [1064.0, 121.81474490495067], [1164.0, 123.63278406257731], [1248.0, 130.1397726974498], [1368.0, 206.75], [1417.0, 57.89000000000001], [1534.0, 66.16], [1574.0, 74.42999999999999], [1654.0, 20]], "canvas": {"left": [[186.4570737605804, 580.0], [188.8, 558.6698911729142], [180.4, 511.15114873035066], [183.2, 422.90205562273275], [172.0, 353.4945586457074], [137.87182587666263, 284.087061668682], [131.6590084643289, 253.61547762998794], [158.7567973719635, 219.75816203143893], [158.14125811666065, 185.90084643288998], [155.93816643859014, 157.46070133010886], [130.0, 116.83192261185008], [180.4, 100.24183796856107], [177.6, 60.628778718258786], [174.8, 47.08585247883923], [193.2285368802902, 20.0]], "right": [[213.5429262394196, 580.0], [211.2, 558.6698911729142], [219.6, 511.15114873035066], [216.8, 422.90205562273275], [228.0, 353.4945586457074], [262.1281741233374, 284.087061668682], [268.3409915356711, 253.61547762998794], [241.2432026280365, 219.75816203143893], [241.85874188333935, 185.90084643288998], [244.06183356140986, 157.46070133010886], [270.0, 116.83192261185008], [219.6, 100.24183796856107], [222.4, 60.628778718258786], [225.2, 47.08585247883923], [206.7714631197098, 20.0]], "scale": 0.3385731559854897, "center_x": 200.0}}