{"subject_id": 10101, "gender": "female", "stature": 1668.0, "raw_points": [[0, 40], [65.0, 33.36], [206.75, 58.38], [470.0, 50.04], [684.5, 83.4], [899.0, 169.5], [973.0, 186.45000000000002], [1073.0, 115.32612030197339], [1173.0, 120.25992353782215], [1262.0, 126.58939319770752], [1360.0, 208.5], [1425.0, 58.38], [1548.0, 66.72], [1588.0, 75.06], [1668.0, 20]], "canvas": {"left": [[186.57074340527578, 580.0], [188.8, 558.1774580335731], [180.4, 510.5875299760192], [183.2, 422.20623501199043], [172.0, 350.19184652278176], [143.0935251798561, 278.17745803357315], [137.40287769784172, 253.33333333333331], [161.28139845976912, 219.76019184652273], [159.6249657187168, 186.1870503597122], [157.49996391443872, 156.30695443645084], [130.0, 123.4052757793765], [180.4, 101.58273381294958], [177.6, 60.28776978417261], [174.8, 46.858513189448445], [193.2853717026379, 20.0]], "right": [[213.42925659472422, 580.0], [211.2, 558.1774580335731], [219.6, 510.5875299760192], [216.8, 422.20623501199043], [228.0, 350.19184652278176], [256.9064748201439, 278.17745803357315], [262.59712230215825, 253.33333333333331], [238.71860154023088, 219.76019184652273], [240.3750342812832, 186.1870503597122], [242.50003608556128, 156.30695443645084], [270.0, 123.4052757793765], [219.6, 101.58273381294958], [222.4, 60.28776978417261], [225.2, 46.858513189448445], [206.7146282973621, 20.0]], "scale": 0.33573141486810554, "center_x": 200.0}}