{"subject_id": 10111, "gender": "female", "stature": 1666.0, "raw_points": [[0, 40], [64.0, 33.32], [203.29999999999998, 58.31], [462.0, 49.98], [663.5, 83.30000000000001], [865.0, 179.5], [983.0, 197.45000000000002], [1083.0, 103.81799364763634], [1183.0, 108.9782866101928], [1253.0, 114.7139859054661], [1368.0, 208.25], [1430.0, 58.31], [1546.0, 66.64], [1586.0, 74.97], [1666.0, 20]], "canvas": {"left": [[186.5546218487395, 580.0], [188.8, 558.4873949579832], [180.4, 511.6638655462185], [183.2, 424.70588235294116], [172.0, 356.97478991596637], [139.6638655462185, 289.2436974789916], [133.63025210084032, 249.57983193277306], [165.10319541255922, 215.9663865546218], [163.3686431562377, 182.35294117647055], [161.440677006566, 158.8235294117647], [130.0, 120.16806722689074], [180.4, 99.32773109243692], [177.6, 60.33613445378148], [174.8, 46.89075630252091], [193.27731092436974, 20.0]], "right": [[213.4453781512605, 580.0], [211.2, 558.4873949579832], [219.6, 511.6638655462185], [216.8, 424.70588235294116], [228.0, 356.97478991596637], [260.33613445378154, 289.2436974789916], [266.3697478991597, 249.57983193277306], [234.89680458744078, 215.9663865546218], [236.6313568437623, 182.35294117647055], [238.559322993434, 158.8235294117647], [270.0, 120.16806722689074], [219.6, 99.32773109243692], [222.4, 60.33613445378148], [225.2, 46.89075630252091], [206.72268907563026, 20.0]], "scale": 0.33613445378151263, "center_x": 200.0}}