{"subject_id": 10121, "gender": "female", "stature": 1599.0, "raw_points": [[0, 40], [66.0, 31.98], [205.29999999999998, 55.965], [464.0, 47.97], [655.0, 79.95], [846.0, 169.0], [928.0, 185.9], [1028.0, 113.73457087105444], [1128.0, 115.02617444768481], [1214.0, 121.08018362914191], [1315.0, 199.875], [1379.0, 55.965], [1479.0, 63.96], [1519.0, 71.955], [1599.0, 20]], "canvas": {"left": [[185.9912445278299, 580.0], [188.8, 556.8855534709194], [180.4, 508.10006253908693], [183.2, 417.49843652282675], [172.0, 350.6066291432145], [140.8130081300813, 283.71482176360223], [134.8943089430894, 254.9968730456535], [160.16800519837994, 219.97498436522824], [159.71566123158004, 184.95309568480297], [157.59543287534743, 154.83427141963728], [130.0, 119.46216385240774], [180.4, 97.04815509693555], [177.6, 62.02626641651034], [174.8, 48.01751094434019], [192.99562226391495, 20.0]], "right": [[214.0087554721701, 580.0], [211.2, 556.8855534709194], [219.6, 508.10006253908693], [216.8, 417.49843652282675], [228.0, 350.6066291432145], [259.1869918699187, 283.71482176360223], [265.1056910569106, 254.9968730456535], [239.83199480162006, 219.97498436522824], [240.28433876841996, 184.95309568480297], [242.40456712465257, 154.83427141963728], [270.0, 119.46216385240774], [219.6, 97.04815509693555], [222.4, 62.02626641651034], [225.2, 48.01751094434019], [207.00437773608505, 20.0]], "scale": 0.35021888680425267, "center_x": 200.0}}