{"subject_id": 10127, "gender": "female", "stature": 1673.0, "raw_points": [[0, 40], [67.0, 33.46], [203.5, 58.55500000000001], [457.0, 50.19], [652.5, 83.65], [848.0, 179.0], [968.0, 196.9], [1068.0, 102.2264442167174], [1168.0, 109.32720321620195], [1258.0, 115.08126654337048], [1371.0, 209.125], [1429.0, 58.55500000000001], [1553.0, 66.92], [1593.0, 75.285], [1673.0, 20]], "canvas": {"left": [[186.61087866108787, 580.0], [188.8, 557.5732217573221], [180.4, 511.88284518828453], [183.2, 427.02928870292885], [172.0, 361.58995815899584], [140.0836820083682, 296.1506276150628], [134.092050209205, 255.9832635983264], [165.78194335842096, 222.51046025104603], [163.4051202623592, 189.0376569037657], [161.4790739603781, 158.9121338912134], [130.0, 121.08786610878661], [180.4, 101.67364016736406], [177.6, 60.16736401673643], [174.8, 46.77824267782432], [193.30543933054395, 20.0]], "right": [[213.38912133891213, 580.0], [211.2, 557.5732217573221], [219.6, 511.88284518828453], [216.8, 427.02928870292885], [228.0, 361.58995815899584], [259.9163179916318, 296.1506276150628], [265.907949790795, 255.9832635983264], [234.21805664157904, 222.51046025104603], [236.5948797376408, 189.0376569037657], [238.5209260396219, 158.9121338912134], [270.0, 121.08786610878661], [219.6, 101.67364016736406], [222.4, 60.16736401673643], [225.2, 46.77824267782432], [206.69456066945605, 20.0]], "scale": 0.33472803347280333, "center_x": 200.0}}