{"subject_id": 10129, "gender": "female", "stature": 1647.0, "raw_points": [[0, 40], [71.0, 32.94], [203.29999999999998, 57.645], [449.0, 49.41], [641.0, 82.35000000000001], [833.0, 168.5], [928.0, 185.35000000000002], [1028.0, 94.51355082072554], [1128.0, 97.11512200588152], [1223.0, 102.2264442167174], [1337.0, 205.875], [1408.0, 57.645], [1527.0, 65.88], [1567.0, 74.115], [1647.0, 20]], "canvas": {"left": [[186.39951426836672, 580.0], [188.8, 555.8591378263509], [180.4, 510.8755312689739], [183.2, 427.3345476624165], [172.0, 362.0522161505768], [142.70795385549485, 296.7698846387371], [136.9787492410443, 264.4687310261081], [167.86424501541816, 230.4675166970249], [166.9796792208296, 196.46630236794175], [165.24176760087326, 164.1651487553127], [130.0, 125.40376442015787], [180.4, 101.26290224650882], [177.6, 60.801457194899854], [174.8, 47.20097146326657], [193.19975713418336, 20.0]], "right": [[213.60048573163328, 580.0], [211.2, 555.8591378263509], [219.6, 510.8755312689739], [216.8, 427.3345476624165], [228.0, 362.0522161505768], [257.29204614450515, 296.7698846387371], [263.02125075895566, 264.4687310261081], [232.13575498458184, 230.4675166970249], [233.0203207791704, 196.46630236794175], [234.75823239912674, 164.1651487553127], [270.0, 125.40376442015787], [219.6, 101.26290224650882], [222.4, 60.801457194899854], [225.2, 47.20097146326657], [206.80024286581664, 20.0]], "scale": 0.3400121432908318, "center_x": 200.0}}