{"subject_id": 10138, "gender": "female", "stature": 1615.0, "raw_points": [[0, 40], [64.0, 32.3], [193.5, 56.525000000000006], [434.0, 48.449999999999996], [623.5, 80.75], [813.0, 181.0], [914.0, 199.10000000000002], [1014.0, 96.9620884067547], [1114.0, 99.20862164193645], [1208.0, 104.43012804414363], [1309.0, 201.875], [1375.0, 56.525000000000006], [1495.0, 64.6], [1535.0, 72.675], [1615.0, 20]], "canvas": {"left": [[186.13003095975233, 580.0], [188.8, 557.8080495356037], [180.4, 512.9040247678018], [183.2, 429.5108359133127], [172.0, 363.8018575851393], [137.23839009287926, 298.09287925696594], [130.96222910216716, 263.07120743034056], [166.37847089301385, 228.39628482972137], [165.5994872325174, 193.72136222910217], [163.78893392896566, 161.12693498452012], [130.0, 126.10526315789474], [180.4, 103.21981424148606], [177.6, 61.60990712074306], [174.8, 47.739938080495335], [193.06501547987617, 20.0]], "right": [[213.86996904024767, 580.0], [211.2, 557.8080495356037], [219.6, 512.9040247678018], [216.8, 429.5108359133127], [228.0, 363.8018575851393], [262.7616099071207, 298.09287925696594], [269.03777089783284, 263.07120743034056], [233.62152910698615, 228.39628482972137], [234.4005127674826, 193.72136222910217], [236.21106607103434, 161.12693498452012], [270.0, 126.10526315789474], [219.6, 103.21981424148606], [222.4, 61.60990712074306], [225.2, 47.739938080495335], [206.93498452012383, 20.0]], "scale": 0.34674922600619196, "center_x": 200.0}}