{"subject_id": 10136, "gender": "female", "stature": 1679.0, "raw_points": [[0, 40], [65.0, 33.58], [209.89999999999998, 58.76500000000001], [479.0, 50.37], [689.0, 83.95], [899.0, 172.0], [1004.0, 189.20000000000002], [1104.0, 106.2665312336655], [1204.0, 113.86311909432096], [1265.0, 119.85591483612734], [1374.0, 209.875], [1422.0, 58.76500000000001], [1559.0, 67.16], [1599.0, 75.55499999999999], [1679.0, 20]], "canvas": {"left": [[186.65872543180464, 580.0], [188.8, 558.3204288266826], [180.4, 509.99166170339487], [183.2, 420.2382370458606], [172.0, 350.196545562835], [142.63251935675999, 280.1548540798094], [136.89577129243597, 245.1340083382966], [164.55672573504904, 211.78082191780823], [162.02302162428842, 178.42763549731984], [160.02423328872464, 158.08219178082192], [130.0, 121.72721858248963], [180.4, 105.71768910065515], [177.6, 60.02382370458611], [174.8, 46.682549136390776], [193.32936271590233, 20.0]], "right": [[213.34127456819536, 580.0], [211.2, 558.3204288266826], [219.6, 509.99166170339487], [216.8, 420.2382370458606], [228.0, 350.196545562835], [257.36748064324, 280.1548540798094], [263.104228707564, 245.1340083382966], [235.44327426495096, 211.78082191780823], [237.97697837571158, 178.42763549731984], [239.97576671127536, 158.08219178082192], [270.0, 121.72721858248963], [219.6, 105.71768910065515], [222.4, 60.02382370458611], [225.2, 46.682549136390776], [206.67063728409767, 20.0]], "scale": 0.33353186420488384, "center_x": 200.0}}