{"subject_id": 10131, "gender": "female", "stature": 1678.0, "raw_points": [[0, 40], [63.0, 33.56], [206.85, 58.730000000000004], [474.0, 50.339999999999996], [678.0, 83.9], [882.0, 164.5], [988.0, 180.95000000000002], [1088.0, 98.55363783767365], [1188.0, 104.32606519673739], [1276.0, 109.81691073340778], [1387.0, 209.75], [1440.0, 58.730000000000004], [1558.0, 67.12], [1598.0, 75.50999999999999], [1678.0, 20]], "canvas": {"left": [[186.6507747318236, 580.0], [188.8, 558.9749702026222], [180.4, 510.9678188319428], [183.2, 421.81168057210965], [172.0, 353.73063170441003], [145.10131108462454, 285.64958283671035], [139.611442193087, 250.27413587604286], [167.1096321876655, 216.9010727056019], [165.18319635865737, 183.5280095351609], [163.35073300911301, 154.15971394517283], [130.0, 117.1156138259833], [180.4, 99.42789034564953], [177.6, 60.04767580452915], [174.8, 46.698450536352766], [193.3253873659118, 20.0]], "right": [[213.3492252681764, 580.0], [211.2, 558.9749702026222], [219.6, 510.9678188319428], [216.8, 421.81168057210965], [228.0, 353.73063170441003], [254.89868891537546, 285.64958283671035], [260.388557806913, 250.27413587604286], [232.8903678123345, 216.9010727056019], [234.81680364134263, 183.5280095351609], [236.64926699088699, 154.15971394517283], [270.0, 117.1156138259833], [219.6, 99.42789034564953], [222.4, 60.04767580452915], [225.2, 46.698450536352766], [206.6746126340882, 20.0]], "scale": 0.33373063170441003, "center_x": 200.0}}